id,create_at
333,2024-06-08T05:55:01.826072
705,2024-05-29T17:54:12.826091
145,2024-06-08T07:47:54.826097
414,2024-10-19T18:35:25.826102
756,2024-02-11T13:57:24.826106
402,2024-08-20T13:26:57.826111
128,2024-11-07T18:56:58.826116
484,2024-05-06T03:25:00.826121
176,2024-03-17T08:28:26.826125
400,2024-11-16T13:34:55.826130
942,2024-04-23T15:34:09.826135
823,2024-10-15T01:33:57.826139
320,2024-05-31T13:50:38.826144
59,2023-12-30T23:36:18.826148
637,2024-01-08T04:36:02.826153
822,2024-04-04T00:45:02.826157
601,2023-12-13T15:04:14.826162
433,2024-10-26T17:09:40.826167
809,2024-10-14T16:24:16.826171
8,2024-01-09T20:21:28.826176
350,2024-09-07T13:27:10.826181
597,2024-07-19T11:20:13.826185
643,2024-04-10T16:00:40.826189
731,2024-08-22T23:23:14.826194
639,2024-03-31T01:03:38.826202
233,2024-05-14T12:33:03.826207
992,2024-01-10T06:16:02.826211
657,2024-05-31T04:33:07.826216
769,2024-09-18T19:23:00.826221
192,2024-04-15T10:53:12.826225
236,2024-02-24T04:27:29.826230
854,2024-05-15T06:54:23.826235
52,2024-08-18T13:18:01.826239
895,2024-02-09T20:03:40.826244
797,2024-09-02T02:20:20.826248
267,2024-03-27T02:50:29.826252
370,2024-09-09T19:39:43.826257
884,2024-04-03T13:03:12.826261
555,2024-07-12T11:13:33.826266
757,2024-10-08T01:50:11.826270
823,2024-06-10T05:45:04.826275
241,2024-03-28T03:21:41.826279
950,2024-02-02T14:57:03.826284
367,2024-10-05T22:43:18.826288
923,2024-11-13T05:33:16.826293
860,2024-07-12T08:05:04.826297
617,2024-04-20T23:44:56.826302
228,2024-04-26T21:23:43.826306
920,2023-12-22T11:05:46.826311
905,2024-07-09T06:55:54.826315
584,2024-01-18T22:41:21.826320
645,2024-04-24T11:28:48.826324
363,2024-05-25T20:43:52.826329
779,2024-03-29T18:04:13.826333
616,2024-05-02T01:26:12.826338
689,2024-07-14T15:21:38.826343
749,2024-07-19T07:21:30.826348
76,2024-05-07T16:39:19.826352
500,2024-07-02T20:07:44.826357
2,2024-03-18T12:51:53.826361
456,2024-10-11T22:57:05.826366
632,2024-01-02T08:03:03.826370
18,2024-02-25T14:19:40.826375
164,2024-01-14T00:47:36.826379
567,2024-07-09T15:28:25.826384
812,2024-08-28T19:13:05.826388
647,2024-05-12T05:55:06.826393
145,2024-09-21T04:43:40.826398
500,2024-08-23T16:07:13.826402
207,2024-02-04T18:20:36.826406
405,2024-03-09T13:20:39.826411
554,2024-05-22T02:18:06.826416
777,2024-05-18T07:46:33.826420
444,2024-09-05T07:54:50.826425
589,2024-03-14T14:57:13.826429
283,2024-09-06T01:16:45.826434
571,2024-05-16T19:06:21.826438
261,2024-02-03T07:39:45.826444
548,2024-05-22T06:21:27.826449
372,2024-09-07T17:16:24.826453
993,2024-03-17T06:55:56.826458
229,2024-10-09T09:28:37.826462
380,2024-11-04T12:16:49.826469
123,2024-02-09T17:20:33.826474
767,2024-10-15T23:58:21.826478
969,2024-05-20T16:32:17.826483
787,2024-09-08T09:20:27.826487
310,2024-07-27T05:53:04.826492
529,2024-10-06T03:00:00.826496
419,2024-04-06T21:35:29.826501
767,2024-02-03T22:16:14.826506
283,2024-01-23T14:37:44.826510
312,2024-05-04T10:29:17.826514
692,2024-06-22T17:16:59.826519
180,2024-11-13T01:39:08.826523
248,2024-07-14T17:00:20.826528
293,2024-03-07T11:06:34.826532
418,2024-09-11T10:27:25.826537
850,2024-01-28T13:30:55.826542
77,2024-05-15T03:50:15.826546
457,2024-07-25T07:12:35.826551
167,2023-12-29T20:49:56.826555
146,2024-04-15T06:44:26.826560
153,2023-12-23T06:32:49.826564
56,2024-01-05T08:56:52.826568
602,2024-01-03T08:05:28.826573
835,2024-06-30T21:19:59.826577
252,2023-12-16T03:44:30.826582
839,2024-11-03T02:37:59.826586
652,2023-12-12T01:36:35.826592
93,2024-03-10T21:40:16.826596
536,2024-03-13T12:42:04.826600
372,2023-12-18T11:05:19.826605
894,2024-03-11T02:01:27.826609
417,2024-05-12T01:43:10.826614
16,2024-09-25T23:49:04.826618
631,2024-10-21T03:50:57.826623
554,2024-09-25T19:37:53.826627
534,2024-08-19T09:08:37.826631
793,2024-06-28T09:35:34.826636
147,2024-08-25T23:02:08.826640
834,2024-04-23T19:25:19.826645
17,2024-01-25T06:59:49.826649
94,2024-08-11T01:36:20.826653
334,2024-02-17T05:11:07.826658
37,2024-11-12T21:24:15.826662
166,2024-11-13T19:55:43.826667
182,2023-12-12T19:37:01.826671
188,2024-03-27T17:17:44.826676
783,2024-08-12T22:43:23.826681
44,2024-04-09T08:50:09.826686
77,2024-09-16T08:44:12.826690
241,2024-02-10T09:32:05.826695
77,2023-11-30T00:16:08.826700
909,2024-03-01T00:05:31.826704
357,2024-09-08T01:15:57.826709
807,2024-05-06T13:58:13.826713
159,2023-12-11T21:54:27.826717
845,2024-05-17T12:48:26.826722
400,2024-09-12T22:37:03.826735
862,2024-09-03T02:04:32.826740
752,2024-10-24T02:27:17.826744
683,2024-10-07T02:34:40.826748
337,2024-11-02T13:22:55.826753
687,2024-08-21T19:29:42.826757
86,2024-10-14T11:42:22.826762
833,2024-06-09T22:48:02.826767
104,2024-01-11T17:28:17.826771
347,2024-09-20T15:41:47.826776
478,2024-02-05T08:19:33.826780
319,2024-11-15T13:04:08.826785
567,2024-02-09T04:07:26.826789
282,2024-06-17T10:32:30.826794
554,2024-05-17T11:04:54.826799
881,2024-10-29T23:03:57.826804
97,2024-02-20T14:30:57.826808
152,2024-04-07T11:17:13.826813
862,2024-11-04T14:49:52.826817
954,2024-08-24T05:53:23.826821
329,2023-12-10T23:11:18.826826
578,2024-08-10T18:17:51.826831
233,2024-01-24T09:59:20.826835
238,2024-01-07T14:39:49.826839
813,2024-06-12T16:05:57.826844
600,2024-02-03T07:20:26.826849
702,2024-09-16T12:59:18.826853
897,2024-06-09T14:17:34.826857
240,2023-12-12T02:42:49.826862
582,2024-11-24T20:50:35.826866
321,2024-01-24T12:52:59.826871
786,2024-11-13T17:59:00.826876
690,2024-06-10T03:52:26.826880
388,2024-11-19T13:10:38.826885
670,2024-02-22T06:38:15.826889
955,2023-12-19T20:04:41.826894
4,2024-08-17T04:38:25.826899
98,2024-10-20T12:00:14.826903
300,2024-10-25T19:33:21.826908
45,2024-01-12T05:11:06.826912
410,2024-09-09T12:28:16.826917
805,2024-01-04T16:54:51.826921
583,2024-05-25T06:36:52.826926
656,2024-10-05T04:57:01.826930
178,2024-10-23T15:25:34.826935
85,2023-12-27T01:01:06.826939
204,2024-09-07T17:01:32.826953
431,2024-08-24T16:00:18.826958
694,2024-04-25T15:55:46.826963
745,2024-06-06T16:18:08.826967
87,2024-02-22T17:31:49.826972
511,2023-12-02T01:09:38.826976
162,2023-12-25T04:50:30.826981
88,2024-11-15T07:53:59.826986
941,2024-03-17T01:44:44.826990
660,2024-10-28T01:07:05.826994
414,2024-05-02T07:28:37.826999
866,2024-03-10T13:46:54.827003
334,2024-03-08T19:25:04.827008
563,2024-04-20T08:24:27.827013
371,2024-08-14T21:48:51.827017
533,2024-10-27T15:46:08.827022
722,2024-04-28T12:21:48.827026
897,2024-02-02T13:37:55.827031
23,2024-10-12T03:42:27.827035
925,2024-02-08T18:53:37.827040
775,2023-11-28T06:30:59.827044
428,2024-08-28T17:55:46.827049
73,2024-03-07T12:14:44.827053
173,2024-05-04T10:37:44.827058
21,2024-03-21T22:38:11.827063
983,2024-06-13T17:16:35.827067
55,2024-11-12T02:04:16.827072
132,2024-09-06T17:48:07.827076
687,2024-06-04T06:11:00.827081
816,2024-05-28T20:17:01.827085
80,2024-10-17T06:25:32.827090
796,2024-01-30T12:14:58.827094
465,2024-03-09T10:00:35.827099
986,2024-09-06T14:30:12.827103
805,2024-05-04T04:22:18.827108
762,2024-03-06T15:42:36.827112
70,2023-12-19T08:15:43.827117
702,2023-12-01T18:08:00.827121
79,2024-08-16T08:28:11.827126
265,2024-11-25T19:43:15.827146
515,2024-01-20T20:16:53.827150
433,2024-01-31T09:57:25.827155
213,2024-09-07T06:44:39.827160
102,2024-02-03T20:13:52.827164
483,2024-11-20T02:36:33.827169
974,2024-11-21T15:23:05.827173
594,2024-03-01T16:48:48.827178
79,2024-02-22T18:27:54.827182
136,2024-06-06T11:25:57.827187
892,2024-02-22T06:35:31.827191
308,2024-09-24T17:42:39.827196
764,2024-05-14T13:20:46.827200
29,2024-11-17T18:45:50.827205
751,2024-09-29T10:46:51.827209
535,2024-10-26T22:09:35.827214
227,2024-04-25T22:05:03.827218
803,2024-04-11T15:06:50.827223
551,2024-11-24T16:33:10.827227
876,2024-03-03T16:23:06.827232
644,2024-06-03T00:02:07.827236
551,2024-10-09T12:17:06.827240
811,2024-04-21T16:09:00.827245
415,2024-07-10T17:27:01.827250
253,2023-12-19T05:40:17.827254
800,2023-12-02T21:03:08.827258
617,2024-01-20T18:27:48.827263
500,2024-10-06T08:25:42.827267
962,2024-09-11T16:15:19.827272
651,2024-08-20T01:00:14.827276
742,2023-12-09T17:00:50.827280
986,2023-12-09T00:41:35.827285
81,2024-04-07T05:26:49.827289
440,2024-05-10T03:41:40.827293
231,2024-10-07T13:45:20.827298
837,2023-11-26T20:16:03.827302
614,2024-03-18T07:50:22.827307
691,2024-05-29T17:46:26.827312
749,2024-03-13T12:15:01.827316
487,2024-03-03T18:24:22.827321
36,2024-01-07T11:11:49.827325
499,2024-02-09T22:48:22.827330
510,2024-08-11T14:56:24.827334
142,2024-01-14T19:50:09.827338
927,2024-06-04T16:35:03.827343
372,2024-10-28T08:15:41.827348
95,2024-03-22T04:15:36.827352
193,2024-03-03T09:59:36.827357
28,2024-06-04T00:29:20.827361
572,2024-04-27T02:14:15.827366
946,2024-11-23T00:25:36.827372
871,2024-11-21T01:22:10.827377
230,2024-04-15T08:53:51.827381
647,2024-09-17T12:51:47.827386
126,2024-04-02T08:59:30.827391
171,2023-11-27T19:15:15.827395
147,2024-03-08T15:35:28.827399
927,2024-03-19T18:34:42.827404
32,2024-01-27T18:12:57.827408
332,2023-11-30T23:47:58.827413
336,2023-12-26T12:53:13.827417
199,2023-12-09T03:25:11.827422
239,2024-01-18T16:26:04.827426
264,2024-11-10T20:16:42.827431
830,2024-10-20T02:15:23.827435
840,2024-02-03T16:41:32.827440
826,2024-01-08T15:13:16.827444
115,2024-03-06T18:23:54.827448
856,2024-06-23T19:12:41.827453
152,2024-10-03T05:52:01.827457
784,2024-07-23T00:09:13.827461
166,2024-06-28T23:52:05.827466
360,2024-03-07T22:06:34.827470
46,2024-03-18T18:41:03.827475
215,2024-08-17T04:39:32.827479
65,2024-09-11T02:04:26.827483
893,2024-06-18T06:30:21.827487
737,2024-04-16T02:00:24.827492
136,2024-04-10T17:48:00.827497
333,2024-07-26T04:46:44.827501
42,2023-12-14T00:04:02.827506
566,2024-02-01T01:38:49.827510
864,2024-10-22T22:20:14.827515
791,2024-05-16T08:25:26.827519
295,2024-01-28T09:55:46.827524
861,2024-01-07T03:07:49.827528
691,2023-12-17T16:44:54.827533
44,2024-02-25T10:01:44.827537
349,2024-03-01T23:13:54.827542
517,2023-12-20T17:32:41.827546
446,2024-09-19T17:08:56.827551
282,2024-11-01T16:43:48.827555
936,2024-08-25T08:10:30.827560
653,2024-01-24T07:04:54.827564
731,2024-06-25T09:13:55.827569
600,2024-06-08T15:00:53.827573
207,2024-07-31T01:17:30.827579
426,2024-09-19T07:48:16.827583
420,2024-10-09T18:54:35.827588
531,2024-04-14T06:14:16.827592
637,2024-06-13T15:01:13.827606
137,2024-10-04T04:38:05.827611
583,2024-06-15T05:58:51.827615
250,2024-09-26T01:23:46.827620
826,2023-12-10T23:10:52.827624
106,2024-07-20T01:20:04.827629
964,2024-08-13T17:11:16.827633
617,2023-12-13T16:09:16.827637
171,2024-06-22T22:31:34.827642
825,2024-10-04T15:44:25.827646
950,2024-11-23T03:15:41.827651
846,2024-11-24T08:40:54.827655
639,2024-10-04T17:33:44.827660
693,2024-07-25T16:02:36.827664
798,2024-11-11T06:47:53.827669
516,2024-07-22T19:11:27.827673
237,2024-03-22T01:23:22.827677
695,2024-10-21T05:58:55.827683
1000,2024-04-17T14:46:04.827687
688,2024-01-13T12:13:10.827691
961,2024-02-26T16:31:20.827696
970,2024-02-13T11:37:23.827700
882,2024-08-22T12:49:50.827705
398,2024-05-02T20:35:31.827709
271,2024-03-25T01:41:44.827713
571,2024-01-11T04:00:07.827717
793,2024-02-22T20:58:31.827722
338,2024-01-08T05:29:50.827726
535,2024-07-10T01:08:39.827730
941,2024-08-27T03:27:48.827735
740,2024-03-04T03:33:57.827739
270,2024-06-19T06:19:28.827743
886,2024-11-16T10:47:53.827747
280,2024-04-29T17:56:47.827752
312,2024-03-24T09:05:20.827756
294,2023-12-22T14:01:00.827761
912,2024-01-18T19:23:41.827765
575,2023-12-26T08:09:35.827770
708,2024-10-13T19:37:08.827774
160,2024-01-05T09:11:34.827778
15,2024-10-12T01:07:02.827783
417,2023-12-18T20:41:16.827787
372,2023-12-30T11:17:05.827791
429,2024-06-27T03:34:23.827795
45,2024-02-19T14:09:01.827800
476,2024-02-12T12:31:55.827806
52,2024-01-29T18:51:22.827810
512,2024-09-18T03:50:19.827815
165,2024-06-08T08:40:54.827819
892,2024-03-02T02:34:00.827824
871,2024-04-15T16:53:58.827828
239,2024-08-31T09:51:30.827833
742,2024-07-27T01:12:22.827838
874,2024-01-06T21:13:33.827878
663,2024-08-08T02:07:09.827883
127,2024-10-01T19:11:12.827888
661,2024-08-03T06:28:27.827892
931,2024-03-24T20:01:34.827897
126,2024-09-13T15:52:05.827901
822,2024-01-01T21:57:02.827905
8,2024-08-09T07:10:43.827910
279,2024-01-04T16:59:08.827914
768,2024-05-08T15:48:31.827919
953,2024-10-09T10:28:11.827923
437,2024-09-23T20:19:50.827928
565,2024-08-03T03:36:09.827932
852,2024-10-19T14:40:43.827936
701,2024-09-13T04:32:26.827940
423,2024-08-19T06:34:09.827945
389,2024-09-02T01:17:49.827949
535,2024-09-15T13:16:17.827954
866,2024-01-04T22:26:16.827958
660,2024-04-12T13:22:50.827963
109,2023-12-07T23:02:25.827972
483,2024-02-03T17:16:40.827977
271,2024-11-14T21:13:58.827982
856,2024-05-26T16:23:58.827986
857,2024-03-13T06:17:31.827991
668,2023-12-25T12:04:49.827995
480,2024-07-02T13:17:32.828000
814,2024-02-13T13:03:22.828004
988,2024-02-29T12:14:20.828008
962,2024-08-07T14:22:19.828013
152,2024-01-19T03:04:16.828017
90,2024-04-24T15:23:10.828021
618,2024-08-25T08:20:28.828026
807,2024-02-08T23:13:12.828030
958,2024-10-12T09:27:20.828034
164,2024-08-08T23:25:13.828039
586,2024-01-26T20:30:25.828043
354,2024-05-07T14:02:22.828048
220,2024-07-30T06:33:51.828052
219,2024-10-31T09:43:34.828056
229,2024-02-11T07:38:49.828061
58,2024-11-25T10:45:24.828065
576,2023-12-31T02:43:15.828070
603,2024-11-20T03:07:52.828074
657,2023-12-02T17:50:05.828079
943,2023-12-28T22:48:46.828083
89,2024-02-25T16:55:43.828087
226,2024-09-09T02:47:50.828092
297,2024-08-10T15:39:37.828097
631,2024-01-05T10:09:49.828101
189,2024-08-21T07:40:40.828105
201,2024-02-10T13:08:11.828110
859,2024-04-15T02:22:36.828114
827,2024-09-29T14:14:54.828118
526,2024-02-09T21:33:01.828123
641,2024-05-21T18:38:40.828127
779,2024-07-19T11:14:59.828132
167,2024-05-30T08:02:37.828136
947,2024-08-19T08:16:35.828140
963,2024-04-03T23:03:13.828145
902,2024-09-11T22:18:45.828149
779,2023-11-30T12:05:09.828153
42,2023-12-15T16:49:48.828158
763,2024-05-18T14:32:36.828162
780,2024-05-02T20:17:20.828166
175,2024-01-13T02:51:57.828171
650,2024-08-21T12:26:03.828175
513,2024-11-16T10:51:53.828179
897,2024-02-29T16:15:20.828184
2,2024-05-01T02:46:25.828188
653,2024-03-10T22:29:50.828192
381,2024-03-07T22:50:18.828197
114,2024-08-09T10:53:21.828201
240,2024-02-19T12:32:14.828206
774,2024-04-23T16:46:44.828210
731,2024-02-13T07:01:02.828214
93,2024-06-29T01:43:16.828218
69,2024-10-27T00:04:21.828223
395,2024-05-12T04:07:31.828227
536,2024-10-29T03:27:38.828231
815,2024-04-13T03:04:40.828236
162,2024-11-14T14:37:34.828241
343,2023-12-15T12:17:25.828245
62,2024-05-03T00:05:22.828267
324,2024-09-12T04:10:00.828271
498,2024-09-02T09:15:42.828275
922,2024-02-21T01:24:40.828280
726,2023-12-04T21:28:43.828284
160,2023-12-07T22:37:40.828289
235,2024-07-28T19:16:34.828293
742,2024-05-27T14:24:26.828298
654,2024-06-12T22:07:07.828302
479,2024-08-09T04:47:33.828307
813,2023-12-14T15:10:18.828311
328,2024-06-14T09:28:48.828316
196,2024-04-28T18:30:57.828320
37,2024-05-04T07:20:12.828325
959,2024-07-31T19:15:12.828329
665,2024-09-04T22:42:27.828334
978,2023-12-12T07:57:13.828338
872,2024-01-20T03:53:55.828343
204,2023-12-02T12:15:43.828347
317,2024-01-19T19:03:24.828352
485,2024-02-06T22:55:18.828356
590,2024-08-27T04:37:14.828360
254,2024-10-30T13:27:00.828365
677,2023-12-17T15:15:40.828369
222,2024-10-28T03:22:22.828373
645,2024-08-12T09:42:34.828378
705,2024-03-29T15:57:54.828382
218,2024-08-07T08:20:17.828386
800,2024-03-26T19:28:48.828391
608,2024-05-29T21:38:31.828395
67,2023-12-24T04:21:34.828400
743,2024-07-30T15:49:28.828404
475,2024-11-08T09:11:16.828408
531,2024-06-14T09:51:02.828413
646,2024-08-30T22:29:41.828417
319,2023-12-22T07:59:11.828422
601,2024-08-20T04:52:19.828426
965,2024-10-22T23:18:50.828431
68,2024-01-08T07:34:24.828435
218,2024-11-22T01:55:55.828439
330,2024-04-13T04:56:03.828444
660,2024-02-14T07:19:42.828448
611,2024-05-19T08:03:41.828453
897,2024-04-01T04:15:47.828457
907,2024-02-11T18:26:23.828461
21,2024-10-14T15:11:13.828466
467,2024-11-22T14:49:55.828470
877,2024-03-30T15:48:25.828490
851,2024-07-12T22:14:30.828495
503,2024-10-27T02:52:37.828499
81,2024-07-04T16:11:17.828503
173,2024-10-23T17:22:38.828508
37,2024-02-17T11:08:46.828512
574,2024-08-23T17:32:46.828517
366,2024-03-15T14:46:01.828521
764,2023-12-01T23:51:36.828526
774,2024-02-21T06:52:49.828530
298,2024-01-30T03:39:42.828534
566,2024-11-06T20:01:42.828539
124,2024-02-29T16:25:41.828543
815,2024-01-01T16:19:59.828547
436,2024-09-27T18:09:14.828552
131,2024-09-10T12:51:33.828557
966,2024-07-17T16:53:06.828561
503,2023-11-27T15:57:57.828566
346,2024-11-09T05:23:11.828570
333,2024-10-03T21:49:06.828575
934,2024-06-28T03:16:46.828579
427,2024-06-17T07:29:48.828584
645,2024-05-01T15:31:50.828588
892,2024-03-20T17:41:55.828593
250,2024-03-11T00:44:37.828597
139,2024-09-23T10:13:10.828601
927,2024-11-01T21:29:16.828606
728,2024-07-09T14:22:54.828610
471,2024-03-30T08:33:11.828614
869,2024-03-02T03:39:23.828619
335,2024-01-06T08:59:22.828623
471,2024-06-22T15:29:40.828628
746,2024-05-01T13:06:38.828632
628,2024-06-19T19:20:42.828636
373,2023-11-27T13:21:31.828641
177,2024-03-19T20:00:46.828647
343,2024-04-12T16:12:17.828651
741,2024-09-17T22:34:37.828656
145,2024-01-02T09:04:25.828660
279,2024-06-04T12:58:38.828665
509,2024-07-15T19:50:55.828669
259,2024-10-18T17:14:24.828673
160,2024-05-27T07:23:02.828678
342,2024-10-23T19:48:35.828682
411,2024-05-19T15:31:09.828686
144,2024-08-20T15:02:09.828691
334,2024-10-19T06:19:04.828695
876,2024-02-03T17:12:51.828699
520,2024-10-27T04:10:46.828704
482,2024-06-09T17:03:27.828708
348,2024-11-08T08:13:59.828713
774,2024-04-20T00:48:14.828717
766,2024-09-10T08:17:11.828722
476,2023-12-23T03:05:04.828726
792,2024-09-23T14:41:29.828730
459,2024-02-28T06:16:29.828735
763,2024-11-08T19:53:56.828739
274,2024-01-31T20:29:16.828743
361,2024-07-28T20:46:47.828748
754,2024-05-05T09:56:08.828752
196,2024-03-14T07:15:29.828757
440,2024-05-12T23:42:50.828761
558,2024-11-03T23:14:21.828766
468,2024-08-28T15:38:48.828770
446,2024-01-13T00:40:42.828775
604,2024-03-28T13:11:54.828779
608,2024-03-26T02:52:30.828784
96,2024-07-31T04:23:13.828788
753,2024-04-25T02:30:58.828793
924,2024-08-26T00:51:27.828797
204,2024-04-24T21:44:12.828802
870,2024-10-20T14:27:49.828806
325,2024-03-16T01:07:25.828811
961,2024-09-05T01:37:43.828815
992,2024-06-11T22:59:12.828819
34,2024-05-02T08:00:25.828824
811,2024-06-09T23:01:34.828828
55,2024-06-16T14:26:38.828832
984,2024-01-11T11:15:34.828837
801,2024-03-08T14:49:26.828850
177,2024-10-17T03:26:44.828855
612,2024-09-15T06:37:57.828859
983,2024-01-17T11:25:39.828864
589,2024-02-04T18:30:35.828868
640,2024-02-27T19:11:19.828872
587,2024-03-14T00:21:16.828877
279,2024-03-03T04:13:03.828882
594,2024-07-12T12:36:15.828886
225,2024-08-04T06:22:30.828890
939,2023-12-07T05:33:18.828895
31,2024-09-15T00:50:10.828900
366,2024-09-01T02:06:50.828904
646,2024-08-10T13:31:03.828908
411,2024-11-02T18:55:15.828913
425,2024-02-03T14:12:54.828917
538,2024-09-15T19:09:07.828922
114,2024-03-13T11:29:23.828926
875,2024-10-31T00:52:40.828930
542,2024-11-10T00:07:23.828935
387,2023-12-12T09:33:38.828939
767,2024-09-07T22:08:35.828943
294,2024-04-02T05:58:06.828948
682,2024-02-08T08:01:44.828952
40,2024-07-19T07:33:51.828956
18,2024-01-01T11:08:41.828961
747,2024-10-25T02:18:08.828965
638,2024-04-27T16:36:55.828970
268,2024-10-26T02:17:52.828974
933,2024-03-16T22:32:31.828978
944,2024-04-20T23:37:49.828982
372,2024-11-26T02:39:25.828986
584,2024-09-16T10:27:08.828991
365,2024-09-16T08:25:41.828996
543,2023-12-28T17:47:22.829000
343,2024-05-20T21:40:54.829005
437,2024-11-02T16:10:04.829009
574,2024-09-22T22:59:17.829014
715,2023-12-22T09:06:37.829018
454,2024-06-10T08:09:48.829022
563,2024-04-26T17:54:17.829027
648,2024-11-01T02:08:56.829031
813,2024-04-28T01:47:35.829036
621,2024-04-19T05:58:47.829040
53,2024-09-21T20:36:57.829045
363,2024-05-18T13:23:47.829049
776,2023-12-22T15:47:50.829053
739,2023-12-16T15:05:00.829058
719,2024-06-14T10:46:34.829062
889,2024-09-16T08:45:05.829066
653,2024-09-18T18:51:17.829071
495,2023-11-29T14:53:43.829075
154,2024-02-29T23:03:01.829079
859,2024-11-16T15:50:44.829084
591,2024-09-24T18:13:05.829088
644,2024-08-08T00:18:34.829093
473,2024-03-07T14:55:28.829097
341,2024-01-18T11:48:46.829101
27,2023-12-08T12:16:24.829106
226,2024-09-11T09:52:57.829120
48,2023-12-27T01:55:08.829124
833,2024-03-09T13:38:35.829129
866,2024-04-23T06:23:26.829133
688,2024-03-30T14:38:43.829137
847,2024-05-03T08:16:53.829142
459,2024-08-27T01:03:14.829146
428,2023-12-18T14:50:26.829150
801,2024-06-18T04:37:16.829155
133,2024-11-16T16:21:49.829159
917,2024-02-25T23:41:21.829163
398,2024-04-04T10:24:29.829168
282,2024-09-08T20:12:14.829172
152,2024-06-02T03:34:23.829176
686,2024-07-20T01:14:22.829181
690,2024-04-27T18:14:34.829185
229,2023-12-18T08:12:21.829189
612,2024-10-15T03:02:00.829193
630,2024-01-17T13:53:59.829198
93,2024-07-29T11:17:59.829202
660,2024-02-07T22:14:49.829206
616,2024-02-10T15:00:06.829211
18,2024-01-09T13:04:32.829215
456,2024-01-20T15:10:55.829219
174,2024-08-20T00:55:06.829224
750,2024-06-03T03:43:04.829228
877,2024-01-09T22:39:46.829232
843,2024-11-19T22:59:28.829237
49,2024-11-10T13:07:41.829241
580,2024-04-20T16:49:46.829246
858,2024-04-13T22:32:55.829250
465,2024-08-22T13:04:43.829255
195,2024-05-10T06:59:53.829259
935,2024-09-13T15:05:21.829263
414,2024-05-12T12:34:46.829267
569,2023-12-07T08:01:50.829272
984,2024-07-04T06:47:40.829276
630,2024-08-23T13:33:43.829280
827,2023-12-02T12:41:25.829285
119,2024-01-19T05:32:48.829289
749,2024-02-16T12:53:58.829293
824,2024-05-28T05:13:29.829297
943,2024-01-31T21:22:02.829302
983,2024-04-14T20:19:35.829306
19,2024-02-29T04:45:52.829310
425,2024-10-29T11:59:40.829315
619,2024-01-01T14:48:35.829338
640,2024-06-21T01:29:06.829342
667,2024-06-30T22:28:56.829346
362,2024-03-06T18:25:59.829350
189,2024-06-19T10:03:22.829355
285,2024-03-25T01:39:06.829359
651,2024-04-05T20:24:34.829363
774,2024-10-10T14:14:42.829367
856,2024-10-04T09:35:18.829372
796,2024-07-22T16:14:16.829376
54,2024-06-26T23:40:17.829380
427,2024-05-05T06:26:04.829385
761,2024-07-11T01:09:43.829389
804,2024-02-08T23:46:52.829393
770,2024-03-27T19:44:28.829398
220,2024-11-07T21:44:59.829402
448,2024-10-31T12:38:30.829407
178,2024-04-19T16:09:08.829411
925,2023-12-04T11:20:49.829415
153,2024-05-01T02:16:15.829420
519,2024-02-10T23:33:39.829424
234,2024-01-23T03:01:16.829429
625,2024-10-06T14:58:13.829433
338,2024-04-09T06:43:52.829437
939,2024-06-17T18:58:01.829442
744,2024-08-09T23:54:05.829446
228,2024-06-13T23:29:07.829450
553,2024-06-02T18:52:21.829455
840,2024-02-04T04:25:25.829459
120,2024-06-27T13:56:24.829463
55,2024-03-20T16:00:45.829468
87,2024-02-08T14:48:54.829472
995,2024-01-25T20:03:20.829476
168,2024-09-14T20:44:10.829491
433,2024-03-01T12:12:05.829495
160,2024-02-02T17:34:31.829500
208,2024-07-11T09:12:16.829504
592,2024-08-14T02:55:12.829508
529,2024-11-13T01:49:50.829512
421,2024-04-24T19:37:30.829517
937,2024-04-29T20:09:54.829521
2,2024-05-12T20:40:20.829526
628,2024-01-12T05:37:54.829530
156,2024-05-02T19:21:45.829534
968,2024-03-06T15:11:35.829538
538,2024-03-10T04:17:15.829543
694,2024-01-09T02:17:16.829547
725,2024-07-08T05:34:07.829551
680,2024-08-24T06:14:02.829556
70,2024-02-28T23:28:38.829560
538,2024-03-11T00:54:58.829564
503,2024-10-31T01:52:01.829569
986,2024-08-13T12:43:20.829573
863,2024-03-14T15:35:18.829578
411,2024-05-29T15:24:20.829582
125,2024-06-03T20:07:36.829586
787,2024-01-08T09:41:48.829591
306,2024-08-19T03:18:54.829595
238,2024-08-16T15:18:57.829599
321,2024-10-31T11:52:01.829604
140,2024-07-05T11:37:50.829608
825,2024-04-23T04:04:07.829612
509,2024-04-19T14:11:11.829617
652,2024-03-16T13:02:40.829621
47,2024-04-16T06:07:12.829625
720,2023-12-26T06:49:33.829629
121,2024-03-25T16:32:37.829634
534,2024-09-14T19:03:08.829638
362,2024-07-12T10:08:58.829642
885,2023-12-02T05:57:28.829646
547,2024-10-17T18:20:21.829656
272,2024-06-04T11:53:43.829661
686,2024-01-05T05:16:51.829665
314,2024-01-05T19:03:36.829669
840,2024-09-09T08:45:34.829673
830,2024-05-22T11:13:03.829678
611,2024-11-01T11:35:47.829682
144,2024-04-21T16:07:57.829686
331,2024-04-06T02:27:53.829691
942,2024-03-14T00:11:02.829695
433,2024-09-10T03:36:56.829699
363,2024-02-13T02:20:19.829703
326,2024-10-01T18:29:18.829707
693,2024-08-17T03:32:51.829712
932,2024-05-11T00:25:17.829717
441,2024-11-11T15:37:49.829728
64,2023-11-28T12:49:19.829732
300,2024-05-21T05:11:55.829736
72,2024-04-01T19:54:25.829740
296,2024-05-05T18:35:25.829745
186,2024-01-05T03:53:42.829749
49,2024-10-03T18:39:54.829753
646,2024-07-31T17:40:02.829758
549,2023-12-18T16:16:13.829763
814,2024-03-12T04:54:29.829767
997,2024-09-07T20:49:57.829771
29,2024-08-08T15:21:04.829776
925,2024-10-27T21:05:34.829780
548,2024-05-13T12:14:20.829784
771,2024-11-20T13:29:42.829788
230,2024-06-19T05:24:17.829793
762,2024-11-26T14:39:56.829797
831,2024-03-25T05:50:06.829802
685,2024-10-23T07:45:44.829806
360,2024-06-22T14:05:30.829810
636,2024-02-11T05:49:36.829814
780,2024-03-18T10:24:51.829819
74,2024-09-12T20:44:12.829823
518,2024-05-16T05:07:30.829827
436,2024-05-10T02:00:08.829832
508,2024-04-05T11:48:15.829836
894,2024-10-19T17:58:09.829840
382,2024-11-10T20:40:26.829844
556,2024-07-11T13:56:22.829849
740,2023-12-20T11:07:21.829853
786,2023-12-16T00:03:42.829857
719,2024-05-15T05:08:28.829861
879,2024-06-24T07:12:00.829866
783,2024-01-16T09:53:24.829870
660,2024-02-21T06:55:49.829874
129,2024-11-19T00:28:36.829879
60,2024-01-16T04:56:40.829883
8,2024-10-01T10:39:23.829887
60,2023-12-10T09:37:37.829892
375,2024-01-09T20:05:34.829896
957,2024-11-08T08:31:49.829900
643,2024-02-01T22:26:08.829904
922,2024-11-03T05:00:47.829909
671,2024-03-03T12:21:18.829913
188,2024-02-21T09:13:51.829917
146,2024-06-21T16:53:51.829922
948,2024-03-16T07:09:11.829926
151,2024-10-30T04:18:01.829930
957,2024-07-15T16:21:11.829935
482,2024-10-31T02:00:03.829939
482,2024-06-04T15:37:28.829944
105,2024-03-19T22:40:46.829948
687,2024-07-08T10:08:17.829953
35,2024-03-20T06:53:47.829980
631,2024-09-28T22:51:58.829984
80,2024-07-12T14:46:18.829988
673,2024-01-26T12:49:23.829993
427,2024-09-08T12:34:03.829997
273,2024-08-20T21:09:03.830002
468,2024-06-17T09:49:52.830006
624,2023-11-30T11:49:30.830010
769,2024-07-18T23:51:09.830014
138,2023-12-25T18:12:24.830019
136,2024-09-24T15:11:55.830023
445,2024-06-25T04:37:25.830028
317,2024-01-13T20:47:44.830032
996,2024-08-29T04:51:57.830036
396,2024-03-05T02:11:47.830041
587,2024-09-06T08:21:47.830045
901,2024-06-20T18:42:17.830049
966,2023-12-28T20:53:56.830054
241,2023-12-14T07:14:31.830058
121,2024-05-26T11:18:09.830062
249,2024-02-04T14:09:22.830067
45,2024-09-10T02:49:32.830071
778,2024-03-21T02:28:41.830075
202,2024-06-09T03:38:28.830080
442,2023-12-31T05:58:34.830084
251,2024-01-16T18:46:48.830089
380,2024-04-16T08:15:54.830093
993,2024-09-01T19:17:45.830097
723,2024-10-24T17:50:44.830101
930,2024-08-07T04:47:06.830106
692,2024-04-21T22:55:06.830110
88,2024-10-27T01:49:25.830114
101,2024-11-12T12:55:51.830119
176,2024-10-25T23:43:03.830123
286,2024-04-23T23:08:57.830127
213,2024-04-05T00:09:54.830132
863,2024-03-11T16:53:51.830136
120,2024-10-28T04:11:31.830140
578,2024-05-29T02:22:57.830144
759,2024-09-27T13:35:35.830149
429,2024-09-05T00:39:55.830153
491,2024-05-05T22:26:03.830157
94,2024-05-27T09:53:32.830162
569,2023-12-11T06:24:27.830166
135,2024-05-15T15:59:37.830170
776,2023-11-28T07:35:30.830174
213,2023-12-26T07:55:58.830190
937,2024-09-20T08:08:06.830194
10,2024-09-24T03:09:55.830199
61,2024-10-07T17:45:46.830203
767,2024-07-15T20:16:50.830207
332,2024-08-19T01:31:39.830212
524,2024-03-16T11:37:29.830216
562,2024-03-10T11:41:41.830221
674,2023-12-06T13:14:54.830225
173,2023-12-29T00:03:23.830230
818,2023-12-12T18:26:32.830234
823,2024-02-11T15:11:58.830238
429,2024-03-29T20:26:57.830243
129,2024-07-27T08:36:52.830247
764,2024-09-27T18:22:48.830251
120,2024-10-29T22:15:14.830256
947,2024-03-06T16:52:18.830260
336,2024-05-20T02:04:42.830265
349,2024-03-29T09:55:19.830269
847,2024-09-17T00:15:40.830273
735,2024-02-20T19:28:01.830278
745,2024-08-25T03:42:38.830282
75,2024-09-13T12:47:52.830287
721,2024-03-05T03:34:06.830291
911,2024-07-13T07:55:53.830295
378,2024-04-06T16:41:37.830300
636,2024-09-18T07:11:39.830304
8,2024-03-19T03:33:10.830308
533,2024-04-11T04:24:16.830313
223,2024-06-25T03:30:01.830317
969,2024-09-28T14:36:38.830322
435,2024-07-04T21:33:53.830326
634,2024-08-20T05:31:42.830330
750,2024-04-05T11:14:38.830335
889,2024-10-20T13:55:00.830339
981,2024-05-08T15:41:15.830343
450,2024-07-13T16:18:22.830347
604,2024-08-27T06:50:37.830352
259,2024-04-13T15:05:54.830356
982,2024-10-31T03:38:47.830361
181,2024-01-09T02:01:46.830365
124,2024-11-21T10:47:22.830369
417,2024-02-21T03:16:11.830373
608,2024-10-30T21:09:05.830378
319,2024-05-28T11:38:43.830382
953,2024-01-16T19:26:39.830386
653,2024-09-28T16:37:11.830398
98,2024-03-21T12:28:30.830402
317,2024-07-22T23:00:56.830406
838,2024-03-05T18:58:53.830411
769,2024-09-09T14:48:02.830415
850,2024-11-18T11:12:17.830420
632,2024-05-29T09:03:54.830424
769,2024-07-15T16:09:21.830428
405,2024-02-17T17:39:19.830433
24,2024-01-15T11:11:47.830437
951,2024-07-02T09:07:15.830442
280,2024-06-16T00:41:01.830446
483,2024-05-16T16:54:27.830450
901,2024-06-28T13:16:34.830455
943,2024-09-08T12:21:13.830459
223,2024-02-06T08:51:56.830463
421,2024-11-14T02:15:42.830467
893,2024-10-20T06:14:30.830472
567,2024-10-10T00:14:31.830476
570,2024-07-16T10:42:28.830481
223,2024-04-07T07:35:16.830485
360,2024-06-20T22:38:56.830490
784,2024-10-24T00:31:40.830494
530,2024-10-01T09:36:35.830499
940,2024-05-12T23:45:03.830503
201,2024-11-25T04:33:30.830507
46,2023-12-19T09:44:05.830511
343,2024-11-15T06:11:34.830516
594,2023-12-28T03:52:15.830520
853,2024-11-07T03:54:39.830524
854,2024-04-25T17:33:36.830529
776,2024-08-02T16:35:29.830533
807,2024-05-18T11:23:58.830538
181,2024-07-18T05:28:20.830542
716,2023-12-30T16:38:20.830547
792,2023-11-29T04:56:39.830551
982,2024-10-31T04:28:42.830555
789,2024-09-18T16:39:01.830560
191,2024-10-20T22:43:34.830564
741,2024-09-29T10:11:16.830569
907,2024-08-12T19:11:03.830573
443,2024-03-29T06:54:24.830577
782,2023-11-27T17:55:26.830582
39,2024-07-16T10:08:57.830586
259,2024-04-09T01:45:06.830591
634,2024-03-19T00:59:29.830595
547,2024-05-06T05:28:31.830602
834,2024-06-11T20:44:12.830606
223,2024-03-30T00:33:36.830610
116,2024-08-12T07:02:16.830615
885,2024-03-16T00:20:08.830619
211,2024-04-28T18:46:01.830623
926,2024-05-08T05:48:27.830629
169,2024-01-09T07:49:29.830634
199,2024-11-11T22:15:49.830638
577,2024-07-28T05:02:14.830643
228,2024-11-11T05:45:15.830647
902,2024-01-31T16:18:27.830651
627,2024-05-04T03:53:59.830656
612,2024-06-13T02:24:00.830660
888,2024-09-04T04:14:10.830664
228,2024-11-21T18:03:17.830669
126,2024-01-09T19:44:04.830673
59,2024-02-10T09:13:55.830677
417,2024-04-08T15:25:29.830681
26,2024-06-19T18:00:55.830686
556,2024-11-17T11:22:20.830690
542,2023-12-30T12:41:18.830694
992,2023-12-24T04:13:17.830698
717,2023-12-26T12:11:54.830703
240,2024-05-22T18:36:58.830707
402,2024-07-25T14:43:03.830711
146,2023-12-09T03:31:09.830715
337,2024-06-18T07:29:16.830720
810,2024-09-10T02:49:41.830724
671,2024-08-30T00:07:04.830728
520,2023-12-17T05:59:41.830733
399,2024-09-19T08:14:00.830737
350,2024-07-08T20:31:26.830741
